date,direction,callsign_icao,flight_iata,airline,origin_icao,destination_icao,scheduled_utc,actual_utc,opensky_firstseen_utc,opensky_lastseen_utc,delay_minutes,status,terminal,gate,icao24,data_quality_delta_min,quality_flags,reason
2026-07-21,dep,,,,LTFM,,,,2026-07-21T19:26:06+00:00,2026-07-21T19:26:35+00:00,,,,,4baad2,,,missing_callsign
2026-07-21,dep,,,,LTFM,,,,2026-07-21T19:26:36+00:00,2026-07-21T19:26:36+00:00,,,,,4bb219,,,missing_callsign
2026-07-21,dep,THY1SW,,,LTFM,,,,2026-07-20T23:52:49+00:00,2026-07-21T01:35:42+00:00,,,,,4ba9e1,,,no_schedule_match
2026-07-21,dep,THY5KX,,,LTFM,LTAC,,,2026-07-21T03:13:34+00:00,2026-07-21T03:45:23+00:00,,,,,4ba914,,,no_schedule_match
2026-07-21,dep,THY2BK,,,LTFM,,,,2026-07-21T03:20:20+00:00,2026-07-21T03:43:50+00:00,,,,,4baac3,,,no_schedule_match
2026-07-21,dep,THY9HB,,,LTFM,,,,2026-07-21T03:20:56+00:00,2026-07-21T04:33:26+00:00,,,,,4bb214,,,no_schedule_match
2026-07-21,dep,THY4KM,,,LTFM,,,,2026-07-21T03:23:11+00:00,2026-07-21T03:51:26+00:00,,,,,4bab25,,,no_schedule_match
2026-07-21,dep,MNB1543,,,LTFM,,,,2026-07-21T03:24:12+00:00,2026-07-21T19:09:21+00:00,,,,,4bb475,,,no_schedule_match
2026-07-21,dep,THY1SF,,,LTFM,LTAD,,,2026-07-21T03:33:10+00:00,2026-07-21T04:01:20+00:00,,,,,4bab46,,,no_schedule_match
2026-07-21,dep,THY70A,,,LTFM,,,,2026-07-21T03:39:12+00:00,2026-07-21T04:04:57+00:00,,,,,4baa08,,,no_schedule_match
2026-07-21,dep,THY5QM,,,LTFM,LTAC,,,2026-07-21T03:40:43+00:00,2026-07-21T04:11:30+00:00,,,,,4baacb,,,no_schedule_match
2026-07-21,dep,THY6HZ,,,LTFM,LTAC,,,2026-07-21T03:42:07+00:00,2026-07-21T04:13:31+00:00,,,,,4bab47,,,no_schedule_match
2026-07-21,dep,THY3CH,,,LTFM,LTAE,,,2026-07-21T03:50:59+00:00,2026-07-21T04:19:02+00:00,,,,,4ba993,,,no_schedule_match
2026-07-21,dep,THY7BH,,,LTFM,DAAS,,,2026-07-21T03:52:22+00:00,2026-07-21T06:57:46+00:00,,,,,4bb065,,,no_schedule_match
2026-07-21,dep,THY7FY,,,LTFM,LTAB,,,2026-07-21T03:53:16+00:00,2026-07-21T04:21:38+00:00,,,,,4ba995,,,no_schedule_match
2026-07-21,dep,THY641,,,LTFM,,,,2026-07-21T03:55:28+00:00,2026-07-21T05:11:18+00:00,,,,,4ba90c,,,no_schedule_match
2026-07-21,dep,THY3MD,,,LTFM,,,,2026-07-21T03:57:42+00:00,2026-07-21T04:35:45+00:00,,,,,4baa0e,,,no_schedule_match
2026-07-21,dep,THY4BS,,,LTFM,,,,2026-07-21T04:15:10+00:00,2026-07-21T04:36:12+00:00,,,,,4bab2a,,,no_schedule_match
2026-07-21,dep,THY88H,,,LTFM,UB14,,,2026-07-21T04:24:55+00:00,2026-07-21T06:17:58+00:00,,,,,4bb284,,,no_schedule_match
2026-07-21,dep,THY846,,,LTFM,,,,2026-07-21T04:34:36+00:00,2026-07-21T06:06:23+00:00,,,,,4ba9c5,,,no_schedule_match
2026-07-21,dep,THY1BX,,,LTFM,XUBS,,,2026-07-21T04:40:12+00:00,2026-07-21T07:06:15+00:00,,,,,4ba9c8,,,no_schedule_match
2026-07-21,dep,THY1TH,,,LTFM,LW70,,,2026-07-21T04:40:59+00:00,2026-07-21T05:33:08+00:00,,,,,4bab2c,,,no_schedule_match
2026-07-21,dep,THY269,,,LTFM,LRTZ,,,2026-07-21T04:58:08+00:00,2026-07-21T05:20:22+00:00,,,,,4baa55,,,no_schedule_match
2026-07-21,dep,THY844,,,LTFM,LTAE,,,2026-07-21T05:01:59+00:00,2026-07-21T05:30:36+00:00,,,,,4bab26,,,no_schedule_match
2026-07-21,dep,THY8ES,,,LTFM,LAKU,,,2026-07-21T05:04:16+00:00,2026-07-21T06:07:54+00:00,,,,,4bb210,,,no_schedule_match
2026-07-21,dep,THY6ZN,,,LTFM,LEVT,,,2026-07-21T05:07:50+00:00,2026-07-21T08:45:35+00:00,,,,,4bb06c,,,no_schedule_match
2026-07-21,dep,THY3UZ,,,LTFM,,,,2026-07-21T05:09:43+00:00,2026-07-21T05:33:30+00:00,,,,,4baad3,,,no_schedule_match
2026-07-21,dep,THY6XK,,,LTFM,EYVI,,,2026-07-21T05:10:13+00:00,2026-07-21T07:30:09+00:00,,,,,4bb206,,,no_schedule_match
2026-07-21,dep,TCKIP,,,LTFM,,,,2026-07-21T05:13:20+00:00,2026-07-21T05:38:05+00:00,,,,,4bad30,,,no_schedule_match
2026-07-21,dep,THY6801,,,LTFM,,,,2026-07-21T05:16:59+00:00,2026-07-21T05:36:32+00:00,,,,,4baa0b,,,no_schedule_match
2026-07-21,dep,THY1SL,,,LTFM,,,,2026-07-21T05:18:42+00:00,2026-07-21T07:05:39+00:00,,,,,4ba912,,,no_schedule_match
2026-07-21,dep,THY5SF,,,LTFM,LTAC,,,2026-07-21T05:24:30+00:00,2026-07-21T05:56:51+00:00,,,,,4baa0d,,,no_schedule_match
2026-07-21,dep,THY6PT,,,LTFM,,,,2026-07-21T05:27:41+00:00,2026-07-21T05:54:04+00:00,,,,,4bb044,,,no_schedule_match
2026-07-21,dep,THY1NK,,,LTFM,,,,2026-07-21T05:27:46+00:00,2026-07-21T06:27:15+00:00,,,,,4baa65,,,no_schedule_match
2026-07-21,dep,THY7VD,,,LTFM,LTAE,,,2026-07-21T05:28:40+00:00,2026-07-21T05:56:50+00:00,,,,,4bb050,,,no_schedule_match
2026-07-21,dep,THY661,,,LTFM,,,,2026-07-21T05:29:14+00:00,2026-07-21T07:38:15+00:00,,,,,4baa8a,,,no_schedule_match
2026-07-21,dep,THY9NY,,,LTFM,LTCB,,,2026-07-21T05:31:42+00:00,2026-07-21T06:31:20+00:00,,,,,4ba999,,,no_schedule_match
2026-07-21,dep,THY3KP,,,LTFM,LTAE,,,2026-07-21T05:32:28+00:00,2026-07-21T05:59:12+00:00,,,,,4ba994,,,no_schedule_match
2026-07-21,dep,THY2TS,,,LTFM,LTAE,,,2026-07-21T05:33:33+00:00,2026-07-21T06:02:31+00:00,,,,,4baa09,,,no_schedule_match
2026-07-21,dep,ETH723,,,LTFM,,,,2026-07-21T05:33:48+00:00,2026-07-21T07:28:25+00:00,,,,,040235,,,no_schedule_match
2026-07-21,dep,THY8WB,,,LTFM,,,,2026-07-21T05:34:21+00:00,2026-07-21T06:02:08+00:00,,,,,4baa6a,,,no_schedule_match
2026-07-21,dep,THY3AR,,,LTFM,LTAE,,,2026-07-21T05:35:11+00:00,2026-07-21T06:02:17+00:00,,,,,4ba90f,,,no_schedule_match
2026-07-21,dep,THY5ER,,,LTFM,LTAE,,,2026-07-21T05:37:39+00:00,2026-07-21T06:06:38+00:00,,,,,4ba9a8,,,no_schedule_match
2026-07-21,dep,THY7TY,,,LTFM,LTAE,,,2026-07-21T05:40:13+00:00,2026-07-21T06:06:43+00:00,,,,,4ba996,,,no_schedule_match
2026-07-21,dep,THY9ZF,,,LTFM,LTAE,,,2026-07-21T05:42:00+00:00,2026-07-21T06:11:34+00:00,,,,,4bb056,,,no_schedule_match
2026-07-21,dep,THY72X,,,LTFM,LTAC,,,2026-07-21T05:51:08+00:00,2026-07-21T06:21:36+00:00,,,,,4baac5,,,no_schedule_match
2026-07-21,dep,THY1ET,,,LTFM,LTAE,,,2026-07-21T05:52:10+00:00,2026-07-21T06:20:42+00:00,,,,,4baa13,,,no_schedule_match
2026-07-21,dep,THY2710,,,LTFM,,,,2026-07-21T05:53:33+00:00,2026-07-21T07:07:18+00:00,,,,,4baa43,,,no_schedule_match
2026-07-21,dep,TCCGZ,,,LTFM,,,,2026-07-21T05:58:50+00:00,2026-07-21T06:21:13+00:00,,,,,4b8cfa,,,no_schedule_match
2026-07-21,dep,TKN3286,,,LTFM,LTAE,,,2026-07-21T06:14:37+00:00,2026-07-21T06:42:54+00:00,,,,,7330a6,,,no_schedule_match
2026-07-21,dep,FIA5326,,,LTFM,,,,2026-07-21T06:51:22+00:00,2026-07-21T07:24:30+00:00,,,,,504e7e,,,no_schedule_match
2026-07-21,dep,THY1GH,,,LTFM,,,,2026-07-21T06:56:03+00:00,2026-07-21T09:11:36+00:00,,,,,4baa54,,,no_schedule_match
2026-07-21,dep,THY900,,,LTFM,,,,2026-07-21T07:03:14+00:00,2026-07-21T19:26:34+00:00,,,,,4bb0f2,,,no_schedule_match
2026-07-21,dep,AZO3070,,,LTFM,,,,2026-07-21T07:08:17+00:00,2026-07-21T07:25:44+00:00,,,,,155c30,,,no_schedule_match
2026-07-21,dep,THY1DM,,,LTFM,LTAB,,,2026-07-21T07:12:19+00:00,2026-07-21T07:41:02+00:00,,,,,4ba91a,,,no_schedule_match
2026-07-21,dep,THY7TF,,,LTFM,LTAE,,,2026-07-21T07:31:13+00:00,2026-07-21T08:00:12+00:00,,,,,4baacf,,,no_schedule_match
2026-07-21,dep,THY4GM,,,LTFM,,,,2026-07-21T07:34:59+00:00,2026-07-21T07:58:57+00:00,,,,,4baa10,,,no_schedule_match
2026-07-21,dep,THY1009,,,LTFM,LW66,,,2026-07-21T07:51:35+00:00,2026-07-21T08:46:09+00:00,,,,,4bab2f,,,no_schedule_match
2026-07-21,dep,CPN7979,,,LTFM,,,,2026-07-21T07:59:58+00:00,2026-07-21T09:07:31+00:00,,,,,732e01,,,no_schedule_match
2026-07-21,dep,THY1WL,,,LTFM,LTAE,,,2026-07-21T08:06:57+00:00,2026-07-21T08:34:03+00:00,,,,,4bab46,,,no_schedule_match
2026-07-21,dep,THY15,,,LTFM,,,,2026-07-21T08:10:21+00:00,2026-07-21T19:26:50+00:00,,,,,4bb10b,,,no_schedule_match
2026-07-21,dep,THY1PG,,,LTFM,,,,2026-07-21T08:14:02+00:00,2026-07-21T08:36:47+00:00,,,,,4baa08,,,no_schedule_match
2026-07-21,dep,THY4CP,,,LTFM,LTAE,,,2026-07-21T08:23:15+00:00,2026-07-21T08:50:12+00:00,,,,,4baac3,,,no_schedule_match
2026-07-21,dep,THY2FL,,,LTFM,,,,2026-07-21T08:24:06+00:00,2026-07-21T08:48:45+00:00,,,,,4bab47,,,no_schedule_match
2026-07-21,dep,THY5KD,,,LTFM,LTAE,,,2026-07-21T08:27:01+00:00,2026-07-21T08:54:38+00:00,,,,,4baac4,,,no_schedule_match
2026-07-21,dep,MEA266,,,LTFM,OLRA,,,2026-07-21T08:29:42+00:00,2026-07-21T09:41:41+00:00,,,,,5001e3,,,no_schedule_match
2026-07-21,dep,THY5CW,,,LTFM,LTAE,,,2026-07-21T08:32:39+00:00,2026-07-21T08:59:07+00:00,,,,,4bb04d,,,no_schedule_match
2026-07-21,dep,TBZ6618,,,LTFM,LTAE,,,2026-07-21T08:34:20+00:00,2026-07-21T09:02:53+00:00,,,,,735024,,,no_schedule_match
2026-07-21,dep,THY8SR,,,LTFM,LTAE,,,2026-07-21T08:56:05+00:00,2026-07-21T09:23:19+00:00,,,,,4baa96,,,no_schedule_match
2026-07-21,dep,THY6RP,,,LTFM,EDKN,,,2026-07-21T09:05:18+00:00,2026-07-21T12:07:38+00:00,,,,,4bb28f,,,no_schedule_match
2026-07-21,dep,AHY076,,,LTFM,,,,2026-07-21T09:09:45+00:00,2026-07-21T10:56:23+00:00,,,,,424293,,,no_schedule_match
2026-07-21,dep,THY3DB,,,LTFM,,,,2026-07-21T09:24:11+00:00,2026-07-21T09:50:09+00:00,,,,,4ba993,,,no_schedule_match
2026-07-21,dep,THY7TW,,,LTFM,,,,2026-07-21T09:27:03+00:00,2026-07-21T11:17:11+00:00,,,,,4bb072,,,no_schedule_match
2026-07-21,dep,MNS517,,,LTFM,,,,2026-07-21T09:30:32+00:00,2026-07-21T10:45:15+00:00,,,,,46c28d,,,no_schedule_match
2026-07-21,dep,AEE435,,,LTFM,LGSR,,,2026-07-21T09:42:05+00:00,2026-07-21T10:37:43+00:00,,,,,4692d4,,,no_schedule_match
2026-07-21,dep,THY44D,,,LTFM,,,,2026-07-21T09:53:29+00:00,2026-07-21T10:18:27+00:00,,,,,4bab27,,,no_schedule_match
2026-07-21,dep,THY9HP,,,LTFM,LTAE,,,2026-07-21T09:57:24+00:00,2026-07-21T10:24:56+00:00,,,,,4baa0e,,,no_schedule_match
2026-07-21,dep,THY8TY,,,LTFM,,,,2026-07-21T09:57:58+00:00,2026-07-21T14:13:41+00:00,,,,,4bb061,,,no_schedule_match
2026-07-21,dep,IAW220,,,LTFM,,,,2026-07-21T09:59:56+00:00,2026-07-21T10:59:31+00:00,,,,,728642,,,no_schedule_match
2026-07-21,dep,THY9XR,,,LTFM,,,,2026-07-21T10:04:04+00:00,2026-07-21T11:19:50+00:00,,,,,4ba9ac,,,no_schedule_match
2026-07-21,dep,THY7QH,,,LTFM,,,,2026-07-21T10:05:15+00:00,2026-07-21T11:00:17+00:00,,,,,4ba919,,,no_schedule_match
2026-07-21,dep,THY8DH,,,LTFM,LTAE,,,2026-07-21T10:11:50+00:00,2026-07-21T10:37:20+00:00,,,,,4baad4,,,no_schedule_match
2026-07-21,dep,THY108,,,LTFM,,,,2026-07-21T10:12:50+00:00,2026-07-21T12:08:56+00:00,,,,,4baa4f,,,no_schedule_match
2026-07-21,dep,THY9YW,,,LTFM,,,,2026-07-21T10:13:24+00:00,2026-07-21T10:35:18+00:00,,,,,4baa0a,,,no_schedule_match
2026-07-21,dep,THY31H,,,LTFM,LTAB,,,2026-07-21T10:14:27+00:00,2026-07-21T10:43:50+00:00,,,,,4ba99a,,,no_schedule_match
2026-07-21,dep,PBD770,,,LTFM,,,,2026-07-21T10:17:35+00:00,2026-07-21T10:34:55+00:00,,,,,151e8e,,,no_schedule_match
2026-07-21,dep,TUAF842,,,LTFM,,,,2026-07-21T10:17:41+00:00,2026-07-21T12:51:57+00:00,,,,,4b820f,,,no_schedule_match
2026-07-21,dep,THY3SD,,,LTFM,LTCE,,,2026-07-21T10:28:19+00:00,2026-07-21T11:41:26+00:00,,,,,4bb050,,,no_schedule_match
2026-07-21,dep,LBT641,,,LTFM,,,,2026-07-21T10:43:36+00:00,2026-07-21T12:57:40+00:00,,,,,02a1b4,,,no_schedule_match
2026-07-21,dep,THY840,,,LTFM,LTAE,,,2026-07-21T10:48:36+00:00,2026-07-21T11:16:43+00:00,,,,,4bab29,,,no_schedule_match
2026-07-21,dep,THY8RC,,,LTFM,,,,2026-07-21T10:50:02+00:00,2026-07-21T11:09:25+00:00,,,,,4baa12,,,no_schedule_match
2026-07-21,dep,SVR7242,,,LTFM,,,,2026-07-21T10:51:22+00:00,2026-07-21T11:17:28+00:00,,,,,152058,,,no_schedule_match
2026-07-21,dep,THY273,,,LTFM,LUCH,,,2026-07-21T10:53:15+00:00,2026-07-21T11:35:19+00:00,,,,,4bab25,,,no_schedule_match
2026-07-21,dep,THY1MA,,,LTFM,,,,2026-07-21T10:55:23+00:00,2026-07-21T11:38:04+00:00,,,,,4bab30,,,no_schedule_match
2026-07-21,dep,THY8YF,,,LTFM,LTAE,,,2026-07-21T10:56:37+00:00,2026-07-21T11:24:22+00:00,,,,,4baa8f,,,no_schedule_match
2026-07-21,dep,TAR215,,,LTFM,,,,2026-07-21T10:57:23+00:00,2026-07-21T13:04:31+00:00,,,,,02a0ad,,,no_schedule_match
2026-07-21,dep,THY6AV,,,LTFM,LTAE,,,2026-07-21T11:14:58+00:00,2026-07-21T11:43:24+00:00,,,,,4baad3,,,no_schedule_match
2026-07-21,dep,THY8SW,,,LTFM,,,,2026-07-21T11:18:53+00:00,2026-07-21T11:40:14+00:00,,,,,4bab2e,,,no_schedule_match
2026-07-21,dep,MNE405,,,LTFM,LAKU,,,2026-07-21T11:20:53+00:00,2026-07-21T12:22:54+00:00,,,,,516091,,,no_schedule_match
2026-07-21,dep,THY3RP,,,LTFM,LTAE,,,2026-07-21T11:21:55+00:00,2026-07-21T11:48:28+00:00,,,,,4ba916,,,no_schedule_match
2026-07-21,dep,TUAF843,,,LTFM,,,,2026-07-21T11:24:02+00:00,2026-07-21T13:52:10+00:00,,,,,4b8213,,,no_schedule_match
2026-07-21,dep,MSR738,,,LTFM,HE32,,,2026-07-21T11:26:10+00:00,2026-07-21T12:54:27+00:00,,,,,010145,,,no_schedule_match
2026-07-21,dep,THY9ZN,,,LTFM,,,,2026-07-21T11:27:07+00:00,2026-07-21T12:02:49+00:00,,,,,4baa0d,,,no_schedule_match
2026-07-21,dep,THY3AH,,,LTFM,,,,2026-07-21T11:38:52+00:00,2026-07-21T12:49:41+00:00,,,,,4ba9b0,,,no_schedule_match
2026-07-21,dep,THY8GQ,,,LTFM,,,,2026-07-21T11:40:28+00:00,2026-07-21T11:59:22+00:00,,,,,4bb056,,,no_schedule_match
2026-07-21,dep,SVA258,,,LTFM,,,,2026-07-21T11:41:35+00:00,2026-07-21T13:30:26+00:00,,,,,7114c6,,,no_schedule_match
2026-07-21,dep,THY6UZ,,,LTFM,EDDN,,,2026-07-21T11:46:54+00:00,2026-07-21T14:03:01+00:00,,,,,4bb201,,,no_schedule_match
2026-07-21,dep,THY1EW,,,LTFM,LTAE,,,2026-07-21T11:49:48+00:00,2026-07-21T12:17:26+00:00,,,,,4baace,,,no_schedule_match
2026-07-21,dep,THY4EB,,,LTFM,LTAE,,,2026-07-21T11:50:26+00:00,2026-07-21T12:20:17+00:00,,,,,4bb044,,,no_schedule_match
2026-07-21,dep,THY320,,,LTFM,,,,2026-07-21T11:53:14+00:00,2026-07-21T12:13:40+00:00,,,,,4bb285,,,no_schedule_match
2026-07-21,dep,THY1VR,,,LTFM,,,,2026-07-21T11:57:07+00:00,2026-07-21T13:46:28+00:00,,,,,4baa6d,,,no_schedule_match
2026-07-21,dep,THY3LA,,,LTFM,LTAE,,,2026-07-21T11:57:14+00:00,2026-07-21T12:23:25+00:00,,,,,4ba999,,,no_schedule_match
2026-07-21,dep,AFL2173,,,LTFM,,,,2026-07-21T12:24:53+00:00,2026-07-21T12:47:03+00:00,,,,,15201d,,,no_schedule_match
2026-07-21,dep,THY6VQ,,,LTFM,,,,2026-07-21T12:27:41+00:00,2026-07-21T19:26:49+00:00,,,,,4bb06f,,,no_schedule_match
2026-07-21,dep,THY7LS,,,LTFM,LTAE,,,2026-07-21T12:34:31+00:00,2026-07-21T13:01:07+00:00,,,,,4baac5,,,no_schedule_match
2026-07-21,dep,THY4XH,,,LTFM,,,,2026-07-21T12:37:34+00:00,2026-07-21T13:01:11+00:00,,,,,4baacd,,,no_schedule_match
2026-07-21,dep,THY663,,,LTFM,,,,2026-07-21T12:50:50+00:00,2026-07-21T15:02:37+00:00,,,,,4baa87,,,no_schedule_match
2026-07-21,dep,THY58,,,LTFM,,,,2026-07-21T13:08:31+00:00,2026-07-21T19:26:49+00:00,,,,,4bb192,,,no_schedule_match
2026-07-21,dep,THY2PX,,,LTFM,LTAD,,,2026-07-21T13:21:57+00:00,2026-07-21T13:50:09+00:00,,,,,4bab47,,,no_schedule_match
2026-07-21,dep,THY124,,,LTFM,,,,2026-07-21T13:21:58+00:00,2026-07-21T19:26:50+00:00,,,,,4bb1a2,,,no_schedule_match
2026-07-21,dep,THY6QX,,,LTFM,,,,2026-07-21T13:25:25+00:00,2026-07-21T13:50:16+00:00,,,,,4bab46,,,no_schedule_match
2026-07-21,dep,THY1VX,,,LTFM,LTAD,,,2026-07-21T13:27:30+00:00,2026-07-21T13:55:27+00:00,,,,,4ba913,,,no_schedule_match
2026-07-21,dep,THY2TL,,,LTFM,,,,2026-07-21T13:32:16+00:00,2026-07-21T15:24:13+00:00,,,,,4bb282,,,no_schedule_match
2026-07-21,dep,THY174,,,LTFM,,,,2026-07-21T13:38:14+00:00,2026-07-21T19:26:49+00:00,,,,,4bb0e5,,,no_schedule_match
2026-07-21,dep,THY5CL,,,LTFM,LTAE,,,2026-07-21T13:41:36+00:00,2026-07-21T14:09:11+00:00,,,,,4baa7a,,,no_schedule_match
2026-07-21,dep,THY1NE,,,LTFM,,,,2026-07-21T13:47:31+00:00,2026-07-21T14:09:57+00:00,,,,,4baa08,,,no_schedule_match
2026-07-21,dep,THY2QC,,,LTFM,,,,2026-07-21T13:48:55+00:00,2026-07-21T14:06:52+00:00,,,,,4baa72,,,no_schedule_match
2026-07-21,dep,THY168,,,LTFM,,,,2026-07-21T14:12:52+00:00,2026-07-21T19:26:49+00:00,,,,,4bb104,,,no_schedule_match
2026-07-21,dep,THY1SN,,,LTFM,,,,2026-07-21T14:17:53+00:00,2026-07-21T14:38:21+00:00,,,,,4baa10,,,no_schedule_match
2026-07-21,dep,THY2ZT,,,LTFM,,,,2026-07-21T14:19:37+00:00,2026-07-21T14:38:53+00:00,,,,,4baa84,,,no_schedule_match
2026-07-21,dep,THY2MB,,,LTFM,,,,2026-07-21T14:33:30+00:00,2026-07-21T14:57:42+00:00,,,,,4bb043,,,no_schedule_match
2026-07-21,dep,THY6XN,,,LTFM,,,,2026-07-21T14:36:22+00:00,2026-07-21T15:02:03+00:00,,,,,4baa53,,,no_schedule_match
2026-07-21,dep,THY7JA,,,LTFM,LTAE,,,2026-07-21T14:43:28+00:00,2026-07-21T15:07:09+00:00,,,,,4baa0a,,,no_schedule_match
2026-07-21,dep,THY87R,,,LTFM,,,,2026-07-21T14:52:08+00:00,2026-07-21T15:52:25+00:00,,,,,4baa09,,,no_schedule_match
2026-07-21,dep,THY1YS,,,LTFM,,,,2026-07-21T15:13:48+00:00,2026-07-21T15:36:12+00:00,,,,,4baac7,,,no_schedule_match
2026-07-21,dep,IGO018,,,LTFM,,,,2026-07-21T15:15:29+00:00,2026-07-21T19:25:17+00:00,,,,,8018be,,,no_schedule_match
2026-07-21,dep,THY1QB,,,LTFM,,,,2026-07-21T15:16:25+00:00,2026-07-21T16:19:20+00:00,,,,,4ba993,,,no_schedule_match
2026-07-21,dep,THY40V,,,LTFM,LTAB,,,2026-07-21T15:19:14+00:00,2026-07-21T15:47:51+00:00,,,,,4ba99a,,,no_schedule_match
2026-07-21,dep,THY7YC,,,LTFM,,,,2026-07-21T15:28:18+00:00,2026-07-21T19:23:16+00:00,,,,,4bab45,,,no_schedule_match
2026-07-21,dep,THY3NS,,,LTFM,LTAE,,,2026-07-21T15:32:31+00:00,2026-07-21T16:00:15+00:00,,,,,4ba910,,,no_schedule_match
2026-07-21,dep,OMA166,,,LTFM,,,,2026-07-21T15:33:45+00:00,2026-07-21T18:55:08+00:00,,,,,70c108,,,no_schedule_match
2026-07-21,dep,THY5GE,,,LTFM,LTAE,,,2026-07-21T15:38:13+00:00,2026-07-21T16:05:12+00:00,,,,,4baa0e,,,no_schedule_match
2026-07-21,dep,RAM911T,,,LTFM,,,,2026-07-21T15:41:50+00:00,2026-07-21T19:26:49+00:00,,,,,020123,,,no_schedule_match
2026-07-21,dep,FDB2MF,,,LTFM,,,,2026-07-21T15:43:08+00:00,2026-07-21T19:23:20+00:00,,,,,8963b6,,,no_schedule_match
2026-07-21,dep,THY4TL,,,LTFM,,,,2026-07-21T15:47:03+00:00,2026-07-21T16:03:22+00:00,,,,,4baa96,,,no_schedule_match
2026-07-21,dep,THY3PC,,,LTFM,,,,2026-07-21T15:49:59+00:00,2026-07-21T17:22:11+00:00,,,,,4bb273,,,no_schedule_match
2026-07-21,dep,THY2YJ,,,LTFM,,,,2026-07-21T15:51:10+00:00,2026-07-21T19:26:45+00:00,,,,,4bb290,,,no_schedule_match
2026-07-21,dep,THY4LD,,,LTFM,LTAE,,,2026-07-21T15:56:14+00:00,2026-07-21T16:22:11+00:00,,,,,4baad4,,,no_schedule_match
2026-07-21,dep,THY11,,,LTFM,,,,2026-07-21T15:56:28+00:00,2026-07-21T19:26:49+00:00,,,,,4ba94b,,,no_schedule_match
2026-07-21,dep,THY5DQ,,,LTFM,,,,2026-07-21T16:11:04+00:00,2026-07-21T17:18:47+00:00,,,,,4baa8f,,,no_schedule_match
2026-07-21,dep,THY9XE,,,LTFM,LW67,,,2026-07-21T16:14:16+00:00,2026-07-21T17:06:33+00:00,,,,,4bab25,,,no_schedule_match
2026-07-21,dep,THY0AC,,,LTFM,LTAE,,,2026-07-21T16:15:39+00:00,2026-07-21T16:43:01+00:00,,,,,4baa4d,,,no_schedule_match
2026-07-21,dep,THY3FH,,,LTFM,,,,2026-07-21T16:15:50+00:00,2026-07-21T17:24:26+00:00,,,,,4bb194,,,no_schedule_match
2026-07-21,dep,THY5TN,,,LTFM,,,,2026-07-21T16:21:23+00:00,2026-07-21T19:26:50+00:00,,,,,4ba919,,,no_schedule_match
2026-07-21,dep,THY6417,,,LTFM,,,,2026-07-21T16:21:25+00:00,2026-07-21T19:26:49+00:00,,,,,4bb15a,,,no_schedule_match
2026-07-21,dep,THY9ZD,,,LTFM,,,,2026-07-21T16:22:12+00:00,2026-07-21T19:26:49+00:00,,,,,4bb262,,,no_schedule_match
2026-07-21,dep,THY1NA,,,LTFM,,,,2026-07-21T16:23:03+00:00,2026-07-21T16:58:31+00:00,,,,,4baada,,,no_schedule_match
2026-07-21,dep,THY4PR,,,LTFM,LAKU,,,2026-07-21T16:29:52+00:00,2026-07-21T17:30:00+00:00,,,,,4ba90d,,,no_schedule_match
2026-07-21,dep,THY7UW,,,LTFM,,,,2026-07-21T16:32:56+00:00,2026-07-21T16:58:14+00:00,,,,,4bb0ee,,,no_schedule_match
2026-07-21,dep,THY1ZH,,,LTFM,,,,2026-07-21T16:36:39+00:00,2026-07-21T17:01:14+00:00,,,,,4ba999,,,no_schedule_match
2026-07-21,dep,THY7JR,,,LTFM,,,,2026-07-21T16:38:06+00:00,2026-07-21T19:26:49+00:00,,,,,4bb20c,,,no_schedule_match
2026-07-21,dep,THY91B,,,LTFM,,,,2026-07-21T16:40:46+00:00,2026-07-21T19:25:23+00:00,,,,,4baa73,,,no_schedule_match
2026-07-21,dep,THY29M,,,LTFM,,,,2026-07-21T16:40:53+00:00,2026-07-21T19:26:49+00:00,,,,,4bb0e2,,,no_schedule_match
2026-07-21,dep,THY1SQ,,,LTFM,,,,2026-07-21T16:43:13+00:00,2026-07-21T19:26:50+00:00,,,,,4baa4e,,,no_schedule_match
2026-07-21,dep,THY271,,,LTFM,LUCH,,,2026-07-21T16:45:36+00:00,2026-07-21T17:28:37+00:00,,,,,4baa86,,,no_schedule_match
2026-07-21,dep,THY9GV,,,LTFM,,,,2026-07-21T16:46:01+00:00,2026-07-21T19:26:49+00:00,,,,,4bb28d,,,no_schedule_match
2026-07-21,dep,THY9PG,,,LTFM,,,,2026-07-21T16:46:28+00:00,2026-07-21T19:26:49+00:00,,,,,4ba9ea,,,no_schedule_match
2026-07-21,dep,THY6CN,,,LTFM,,,,2026-07-21T16:48:39+00:00,2026-07-21T19:26:49+00:00,,,,,4baa85,,,no_schedule_match
2026-07-21,dep,THY7MX,,,LTFM,,,,2026-07-21T16:49:02+00:00,2026-07-21T19:24:17+00:00,,,,,4baad3,,,no_schedule_match
2026-07-21,dep,THY7DB,,,LTFM,,,,2026-07-21T16:50:42+00:00,2026-07-21T18:51:15+00:00,,,,,4baac6,,,no_schedule_match
2026-07-21,dep,THY1949,,,LTFM,,,,2026-07-21T16:56:28+00:00,2026-07-21T19:26:49+00:00,,,,,4baa69,,,no_schedule_match
2026-07-21,dep,THY8WM,,,LTFM,,,,2026-07-21T16:57:40+00:00,2026-07-21T19:26:49+00:00,,,,,4bb28c,,,no_schedule_match
2026-07-21,dep,STW083,,,LTFM,,,,2026-07-21T17:05:44+00:00,2026-07-21T18:58:21+00:00,,,,,4b9e4a,,,no_schedule_match
2026-07-21,dep,THY20F,,,LTFM,,,,2026-07-21T17:29:25+00:00,2026-07-21T19:26:49+00:00,,,,,4baad6,,,no_schedule_match
2026-07-21,dep,THY350,,,LTFM,,,,2026-07-21T17:31:12+00:00,2026-07-21T19:23:48+00:00,,,,,4ba9e8,,,no_schedule_match
2026-07-21,dep,THY215,,,LTFM,,,,2026-07-21T17:34:59+00:00,2026-07-21T19:26:49+00:00,,,,,4bb0f6,,,no_schedule_match
2026-07-21,dep,THY1HC,,,LTFM,,,,2026-07-21T17:34:59+00:00,2026-07-21T19:24:59+00:00,,,,,4baa5a,,,no_schedule_match
2026-07-21,dep,THY322,,,LTFM,,,,2026-07-21T17:36:12+00:00,2026-07-21T19:26:49+00:00,,,,,4bb21a,,,no_schedule_match
2026-07-21,dep,THY348,,,LTFM,,,,2026-07-21T17:41:30+00:00,2026-07-21T19:26:49+00:00,,,,,4bb272,,,no_schedule_match
2026-07-21,dep,THY70G,,,LTFM,,,,2026-07-21T17:41:32+00:00,2026-07-21T19:26:49+00:00,,,,,4ba9eb,,,no_schedule_match
2026-07-21,dep,THY59E,,,LTFM,,,,2026-07-21T17:42:31+00:00,2026-07-21T19:26:49+00:00,,,,,4bb1e4,,,no_schedule_match
2026-07-21,dep,THY5CR,,,LTFM,,,,2026-07-21T17:45:44+00:00,2026-07-21T19:26:49+00:00,,,,,4baa8b,,,no_schedule_match
2026-07-21,dep,THY51Q,,,LTFM,,,,2026-07-21T17:46:19+00:00,2026-07-21T19:26:49+00:00,,,,,4bb162,,,no_schedule_match
2026-07-21,dep,THY6425,,,LTFM,,,,2026-07-21T17:47:23+00:00,2026-07-21T19:26:50+00:00,,,,,4ba893,,,no_schedule_match
2026-07-21,dep,THY5RD,,,LTFM,,,,2026-07-21T17:48:20+00:00,2026-07-21T19:26:50+00:00,,,,,4bb266,,,no_schedule_match
2026-07-21,dep,THY1GS,,,LTFM,,,,2026-07-21T17:51:00+00:00,2026-07-21T19:26:48+00:00,,,,,4bab24,,,no_schedule_match
2026-07-21,dep,THY4HA,,,LTFM,,,,2026-07-21T17:51:10+00:00,2026-07-21T19:26:49+00:00,,,,,4baa6a,,,no_schedule_match
2026-07-21,dep,THY094,,,LTFM,,,,2026-07-21T17:52:00+00:00,2026-07-21T19:26:27+00:00,,,,,4bb28b,,,no_schedule_match
2026-07-21,dep,THY64,,,LTFM,,,,2026-07-21T17:57:39+00:00,2026-07-21T19:00:27+00:00,,,,,4bb189,,,no_schedule_match
2026-07-21,dep,WUK75,,,LTFM,,,,2026-07-21T18:02:12+00:00,2026-07-21T19:26:50+00:00,,,,,407d5c,,,no_schedule_match
2026-07-21,dep,THY738,,,LTFM,,,,2026-07-21T18:09:07+00:00,2026-07-21T19:26:48+00:00,,,,,4ba9e7,,,no_schedule_match
2026-07-21,dep,THY4DL,,,LTFM,,,,2026-07-21T18:09:21+00:00,2026-07-21T19:26:50+00:00,,,,,4ba9ce,,,no_schedule_match
2026-07-21,dep,FAD574,,,LTFM,,,,2026-07-21T18:15:03+00:00,2026-07-21T19:26:49+00:00,,,,,71152e,,,no_schedule_match
2026-07-21,dep,TVF76TE,,,LTFM,,,,2026-07-21T18:18:04+00:00,2026-07-21T19:26:49+00:00,,,,,39d314,,,no_schedule_match
2026-07-21,dep,THY4FB,,,LTFM,,,,2026-07-21T18:27:23+00:00,2026-07-21T19:23:24+00:00,,,,,4bab46,,,no_schedule_match
2026-07-21,dep,THY7KT,,,LTFM,,,,2026-07-21T18:27:44+00:00,2026-07-21T19:26:49+00:00,,,,,4bb1e1,,,no_schedule_match
2026-07-21,dep,RJA164,,,LTFM,,,,2026-07-21T18:30:26+00:00,2026-07-21T19:26:49+00:00,,,,,74482a,,,no_schedule_match
2026-07-21,dep,AEE995,,,LTFM,,,,2026-07-21T18:37:19+00:00,2026-07-21T19:26:50+00:00,,,,,46b832,,,no_schedule_match
2026-07-21,dep,RJA5164,,,LTFM,,,,2026-07-21T18:40:16+00:00,2026-07-21T19:26:48+00:00,,,,,7448a6,,,no_schedule_match
2026-07-21,dep,THY822,,,LTFM,,,,2026-07-21T18:41:36+00:00,2026-07-21T19:26:49+00:00,,,,,4baa70,,,no_schedule_match
2026-07-21,dep,THY3DK,,,LTFM,,,,2026-07-21T18:42:08+00:00,2026-07-21T19:26:49+00:00,,,,,4ba9d3,,,no_schedule_match
2026-07-21,dep,THY9QA,,,LTFM,,,,2026-07-21T18:45:08+00:00,2026-07-21T19:26:49+00:00,,,,,4bb102,,,no_schedule_match
2026-07-21,dep,THY372,,,LTFM,,,,2026-07-21T18:57:21+00:00,2026-07-21T19:24:16+00:00,,,,,4bb2b0,,,no_schedule_match
2026-07-21,dep,THY479,,,LTFM,,,,2026-07-21T18:57:51+00:00,2026-07-21T19:23:23+00:00,,,,,4ba913,,,no_schedule_match
2026-07-21,dep,UZB274,,,LTFM,,,,2026-07-21T19:03:23+00:00,2026-07-21T19:26:29+00:00,,,,,507c50,,,no_schedule_match
2026-07-21,dep,THY1KG,,,LTFM,,,,2026-07-21T19:06:00+00:00,2026-07-21T19:26:49+00:00,,,,,4bb208,,,no_schedule_match
2026-07-21,dep,THY6BP,,,LTFM,,,,2026-07-21T19:07:14+00:00,2026-07-21T19:26:44+00:00,,,,,4bb264,,,no_schedule_match
2026-07-21,dep,MNB9345,,,LTFM,,,,2026-07-21T19:08:47+00:00,2026-07-21T19:23:23+00:00,,,,,506c30,,,no_schedule_match
2026-07-21,dep,THY6AM,,,LTFM,,,,2026-07-21T19:11:04+00:00,2026-07-21T19:25:02+00:00,,,,,4bb289,,,no_schedule_match
2026-07-21,dep,KNE300,,,LTFM,,,,2026-07-21T19:12:12+00:00,2026-07-21T19:26:49+00:00,,,,,4b9e02,,,no_schedule_match
2026-07-21,dep,THY1VP,,,LTFM,,,,2026-07-21T19:13:59+00:00,2026-07-21T19:26:49+00:00,,,,,4baa0c,,,no_schedule_match
2026-07-21,dep,THY5EJ,,,LTFM,,,,2026-07-21T19:14:32+00:00,2026-07-21T19:26:49+00:00,,,,,4baa72,,,no_schedule_match
2026-07-21,dep,THY358,,,LTFM,,,,2026-07-21T19:15:35+00:00,2026-07-21T19:26:48+00:00,,,,,4bb205,,,no_schedule_match
2026-07-21,dep,KZR912,,,LTFM,,,,2026-07-21T19:17:38+00:00,2026-07-21T19:26:49+00:00,,,,,4cac12,,,no_schedule_match
2026-07-21,dep,MNB9391,,,LTFM,,,,2026-07-21T19:20:47+00:00,2026-07-21T19:26:48+00:00,,,,,4bb470,,,no_schedule_match
2026-07-21,dep,THY657,,,LTFM,,,,2026-07-21T19:24:01+00:00,2026-07-21T19:26:49+00:00,,,,,4baa67,,,no_schedule_match
2026-07-21,dep,THY98E,,,LTFM,,,,2026-07-21T19:24:45+00:00,2026-07-21T19:26:48+00:00,,,,,4bb215,,,no_schedule_match
2026-07-21,dep,THY6929,TK6929,Turkish Airlines,LTFM,LBSF,2026-07-21T00:30:00+00:00,,,,,scheduled,,,,,,no_opensky_match
2026-07-21,dep,MFX316,C6316,My Freighter,LTFM,UZFF,2026-07-21T05:00:00+00:00,2026-07-21T05:17:00+00:00,,,17,active,,A6B,,,,no_opensky_match
2026-07-21,dep,NVD3019,X93019,Avion Express,LTFM,DAAG,2026-07-21T05:00:00+00:00,2026-07-21T06:00:00+00:00,,,60,landed,,F4B,,,,no_opensky_match
2026-07-21,dep,PGT3303,PC3303,Pegasus,LTFM,LTBJ,2026-07-21T04:45:00+00:00,,,,,scheduled,,G10A,,,,no_opensky_match
2026-07-21,dep,THY6182,TK6182,Turkish Airlines,LTFM,OTHH,2026-07-21T04:25:00+00:00,2026-07-21T04:38:00+00:00,,,13,landed,,,,,,no_opensky_match
2026-07-21,dep,ASL427,JU427,AirSERBIA,LTFM,LYBE,2026-07-21T04:25:00+00:00,,,,,scheduled,,A3A,,,,no_opensky_match
2026-07-21,dep,AFR1391,AF1391,Air France,LTFM,LFPG,2026-07-21T04:25:00+00:00,2026-07-21T04:34:00+00:00,,,9,landed,,A3B,,,,no_opensky_match
2026-07-21,dep,THY,TK,Turkish Airlines,LTFM,LBSF,2026-07-21T00:30:00+00:00,,,,,scheduled,,,,,,no_opensky_match
2026-07-21,dep,THY6620,TK6620,Turkish Airlines,LTFM,ORBI,2026-07-21T00:10:00+00:00,2026-07-21T00:17:00+00:00,,,7,landed,,,,,,no_opensky_match
2026-07-21,dep,MBK600,MB600,Chrono Jet,LTFM,EDDK,2026-07-21T04:00:00+00:00,,,,,,,,,,,no_opensky_match
2026-07-21,dep,TVF3413,TO3413,Transavia France,LTFM,LFPO,2026-07-21T04:00:00+00:00,,,,,scheduled,,,,,,no_opensky_match
2026-07-21,dep,AFL2133,SU2133,Aeroflot,LTFM,UUEE,2026-07-21T04:00:00+00:00,2026-07-21T04:03:00+00:00,,,3,active,,B2,,,,no_opensky_match
2026-07-21,dep,MSR746,MS746,Egyptair,LTFM,HECA,2026-07-21T03:50:00+00:00,2026-07-21T03:50:00+00:00,,,0,active,,A2B,,,,no_opensky_match
2026-07-21,dep,THY1220,TK1220,Turkish Airlines,LTFM,EDDB,2026-07-21T03:45:00+00:00,2026-07-21T03:57:00+00:00,,,12,landed,,F9B,,,,no_opensky_match
2026-07-21,dep,DLH1743,LH1743,Lufthansa,LTFM,EDDM,2026-07-21T03:45:00+00:00,2026-07-21T03:45:00+00:00,,,0,active,,F05B,,,,no_opensky_match
2026-07-21,dep,,,empty,LTFM,HLLM,2026-07-21T03:30:00+00:00,,,,,,,,,,,no_opensky_match
2026-07-21,dep,THY6403,TK6403,Turkish Airlines,LTFM,EDDF,2026-07-21T03:20:00+00:00,,,,,scheduled,,,,,,no_opensky_match
2026-07-21,dep,RJA8164,RJ8164,Royal Jordanian,LTFM,OJAI,2026-07-21T00:45:00+00:00,2026-07-21T01:03:00+00:00,,,18,landed,,,,,,no_opensky_match
2026-07-21,dep,THY360,TK360,Turkish Airlines,LTFM,UDYZ,2026-07-21T02:40:00+00:00,2026-07-21T02:57:00+00:00,,,17,active,,E3,,,,no_opensky_match
2026-07-21,dep,DAH3023,AH3023,Air Algerie,LTFM,DABC,2026-07-21T02:30:00+00:00,2026-07-21T02:38:00+00:00,,,8,active,,F12A,,,,no_opensky_match
2026-07-21,dep,THY86,TK86,Turkish Airlines,LTFM,RJBB,2026-07-21T02:25:00+00:00,2026-07-21T02:43:00+00:00,,,18,landed,,D6,,,,no_opensky_match
2026-07-21,dep,THY407,TK407,Turkish Airlines,LTFM,UUWW,2026-07-21T02:20:00+00:00,2026-07-21T02:51:00+00:00,,,31,active,,F6,,,,no_opensky_match
2026-07-21,dep,THY429,TK429,Turkish Airlines,LTFM,UWKD,2026-07-21T02:15:00+00:00,2026-07-21T02:24:00+00:00,,,9,landed,,F19,,,,no_opensky_match
2026-07-21,dep,THY160,TK160,Turkish Airlines,LTFM,FIMP,2026-07-21T02:15:00+00:00,2026-07-21T02:31:00+00:00,,,16,landed,,D8,,,,no_opensky_match
2026-07-21,dep,THY84,TK84,Turkish Airlines,LTFM,RPLL,2026-07-21T02:15:00+00:00,2026-07-21T02:48:00+00:00,,,33,landed,,A1H,,,,no_opensky_match
2026-07-21,dep,THY164,TK164,Turkish Airlines,LTFM,VVNB,2026-07-21T02:10:00+00:00,2026-07-21T02:17:00+00:00,,,7,landed,,F17,,,,no_opensky_match
2026-07-21,dep,FDB756,FZ756,flydubai,LTFM,OMDB,2026-07-21T02:10:00+00:00,2026-07-21T02:21:00+00:00,,,11,landed,,F3A,,,,no_opensky_match
2026-07-21,dep,THY698,TK698,Turkish Airlines,LTFM,HESH,2026-07-21T02:05:00+00:00,2026-07-21T02:22:00+00:00,,,17,active,,A2A,,,,no_opensky_match
2026-07-21,dep,THY198,TK198,Turkish Airlines,LTFM,RJTT,2026-07-21T02:05:00+00:00,2026-07-21T02:25:00+00:00,,,20,landed,,B4,,,,no_opensky_match
2026-07-21,dep,THY300,TK300,Turkish Airlines,LTFM,RJAA,2026-07-21T02:05:00+00:00,2026-07-21T02:20:00+00:00,,,15,landed,,A6,,,,no_opensky_match
2026-07-21,dep,SYR446,RB446,Syrian Air,LTFM,OSDI,2026-07-21T02:00:00+00:00,2026-07-21T01:43:00+00:00,,,-17,active,,A2B,,,,no_opensky_match
2026-07-21,dep,THY2440,TK2440,Turkish Airlines,LTFM,LTAI,2026-07-21T02:00:00+00:00,2026-07-21T02:13:00+00:00,,,13,landed,,G7A,,,,no_opensky_match
2026-07-21,dep,THY2354,TK2354,Turkish Airlines,LTFM,LTBJ,2026-07-21T02:00:00+00:00,2026-07-21T02:10:00+00:00,,,10,landed,,G6B,,,,no_opensky_match
2026-07-21,dep,THY814,TK814,Turkish Airlines,LTFM,OJAI,2026-07-21T02:00:00+00:00,2026-07-21T02:15:00+00:00,,,15,active,,F1B,,,,no_opensky_match
2026-07-21,dep,THY732,TK732,Turkish Airlines,LTFM,VCBI,2026-07-21T02:00:00+00:00,2026-07-21T02:17:00+00:00,,,17,landed,,D7,,,,no_opensky_match
2026-07-21,dep,THY68,TK68,Turkish Airlines,LTFM,VTBS,2026-07-21T02:00:00+00:00,2026-07-21T02:18:00+00:00,,,18,landed,,D12,,,,no_opensky_match
2026-07-21,dep,THY2480,TK2480,Turkish Airlines,LTFM,LTDB,2026-07-21T01:55:00+00:00,2026-07-21T02:02:00+00:00,,,7,landed,,G8B,,,,no_opensky_match
2026-07-21,dep,THY2042,TK2042,Turkish Airlines,LTFM,LTAN,2026-07-21T01:55:00+00:00,2026-07-21T02:03:00+00:00,,,8,landed,,G6A,,,,no_opensky_match
2026-07-21,dep,THY692,TK692,Turkish Airlines,LTFM,HECA,2026-07-21T01:55:00+00:00,2026-07-21T02:10:00+00:00,,,15,landed,,A5,,,,no_opensky_match
2026-07-21,dep,THY646,TK646,Turkish Airlines,LTFM,HCMM,2026-07-21T01:55:00+00:00,2026-07-21T02:15:00+00:00,,,20,active,,A8B,,,,no_opensky_match
2026-07-21,dep,THY54,TK54,Turkish Airlines,LTFM,WSSS,2026-07-21T01:55:00+00:00,2026-07-21T02:11:00+00:00,,,16,landed,,D16,,,,no_opensky_match
2026-07-21,dep,THY376,TK376,Turkish Airlines,LTFM,UGTB,2026-07-21T01:50:00+00:00,2026-07-21T02:07:00+00:00,,,17,active,,B2,,,,no_opensky_match
2026-07-21,dep,THY182,TK182,Turkish Airlines,LTFM,MMMX,2026-07-21T01:50:00+00:00,,,,,scheduled,,,,,,no_opensky_match
2026-07-21,dep,THY162,TK162,Turkish Airlines,LTFM,VVTS,2026-07-21T01:50:00+00:00,,,,,scheduled,,,,,,no_opensky_match
2026-07-21,dep,THY157,TK157,Turkish Airlines,LTFM,KMIA,2026-07-21T01:50:00+00:00,,,,,scheduled,,,,,,no_opensky_match
2026-07-21,dep,THY90,TK90,Turkish Airlines,LTFM,RKSI,2026-07-21T01:50:00+00:00,,,,,scheduled,,,,,,no_opensky_match
2026-07-21,dep,THY56,TK56,Turkish Airlines,LTFM,WIII,2026-07-21T01:45:00+00:00,,,,,scheduled,,,,,,no_opensky_match
2026-07-21,dep,THY6350,TK6350,Turkish Airlines,LTFM,OERK,2026-07-21T06:05:00+00:00,2026-07-21T06:26:00+00:00,,,21,landed,,,,,,no_opensky_match
2026-07-21,dep,THY2704,TK2704,Turkish Airlines,LTFM,LTCE,2026-07-21T06:05:00+00:00,2026-07-21T06:19:00+00:00,,,14,landed,,G1E,,,,no_opensky_match
2026-07-21,dep,THY2454,TK2454,Turkish Airlines,LTFM,LTDB,2026-07-21T06:05:00+00:00,2026-07-21T06:21:00+00:00,,,16,landed,,G1G,,,,no_opensky_match
2026-07-21,dep,THY4910,TK4910,Turkish Airlines,LTFM,OKKK,2026-07-21T06:00:00+00:00,,,,,,,,,,,no_opensky_match
2026-07-21,dep,THY2816,TK2816,Turkish Airlines,LTFM,LTCG,2026-07-21T06:00:00+00:00,2026-07-21T06:08:00+00:00,,,8,landed,,G11A,,,,no_opensky_match
2026-07-21,dep,THY2630,TK2630,Turkish Airlines,LTFM,LTAT,2026-07-21T06:00:00+00:00,2026-07-21T06:07:00+00:00,,,7,landed,,G5A,,,,no_opensky_match
2026-07-21,dep,THY2602,TK2602,Turkish Airlines,LTFM,LTCC,2026-07-21T06:00:00+00:00,2026-07-21T06:12:00+00:00,,,12,landed,,G9A,,,,no_opensky_match
2026-07-21,dep,THY2642,TK2642,Turkish Airlines,LTFM,LTCA,2026-07-21T06:00:00+00:00,2026-07-21T06:10:00+00:00,,,10,landed,,G5B,,,,no_opensky_match
2026-07-21,dep,KLM1958,KL1958,KLM,LTFM,EHAM,2026-07-21T06:00:00+00:00,2026-07-21T06:11:00+00:00,,,11,landed,,B3A,,,,no_opensky_match
2026-07-21,dep,UZB282,HY282,Uzbekistan Airways,LTFM,UZTT,2026-07-21T06:00:00+00:00,2026-07-21T06:08:00+00:00,,,8,landed,,D15,,,,no_opensky_match
2026-07-21,dep,THY6497,TK6497,Turkish Airlines,LTFM,EHBK,2026-07-21T05:50:00+00:00,,,,,scheduled,,,,,,no_opensky_match
2026-07-21,dep,DLH1305,LH1305,Lufthansa,LTFM,EDDF,2026-07-21T05:40:00+00:00,2026-07-21T06:20:00+00:00,,,40,landed,,F03B,,,,no_opensky_match
2026-07-21,dep,IAW254,IA254,Iraqi Airways,LTFM,ORKK,2026-07-21T05:15:00+00:00,,,,,active,,F9B,,,,no_opensky_match
2026-07-21,dep,THY6366,TK6366,Turkish Airlines,LTFM,DNMM,2026-07-21T05:10:00+00:00,,,,,scheduled,,,,,,no_opensky_match
2026-07-21,dep,THY185,TK185,Turkish Airlines,LTFM,KORD,2026-07-21T06:30:00+00:00,2026-07-21T06:47:00+00:00,,,17,landed,,D8,,,,no_opensky_match
2026-07-21,dep,THY6526,TK6526,Turkish Airlines,LTFM,UAAA,2026-07-21T06:25:00+00:00,,,,,scheduled,,,,,,no_opensky_match
2026-07-21,dep,THY2806,TK2806,Turkish Airlines,LTFM,LTFH,2026-07-21T06:25:00+00:00,2026-07-21T06:34:00+00:00,,,9,landed,,G8A,,,,no_opensky_match
2026-07-21,dep,THY2242,TK2242,Turkish Airlines,LTFM,LTCS,2026-07-21T06:25:00+00:00,2026-07-21T06:49:00+00:00,,,24,active,,G1D,,,,no_opensky_match
2026-07-21,dep,THY2220,TK2220,Turkish Airlines,LTFM,LTAJ,2026-07-21T06:25:00+00:00,2026-07-21T06:52:00+00:00,,,27,active,,G7A,,,,no_opensky_match
2026-07-21,dep,THY2000,TK2000,Turkish Airlines,LTFM,LTAZ,2026-07-21T06:25:00+00:00,2026-07-21T06:31:00+00:00,,,6,landed,,G3G,,,,no_opensky_match
2026-07-21,dep,GFA46,GF46,Gulf Air,LTFM,OBBI,2026-07-21T06:25:00+00:00,2026-07-21T06:33:00+00:00,,,8,landed,1,C4,,,,no_opensky_match
2026-07-21,dep,THY2408,TK2408,Turkish Airlines,LTFM,LTAI,2026-07-21T06:20:00+00:00,2026-07-21T06:30:00+00:00,,,10,landed,,G10B,,,,no_opensky_match
2026-07-21,dep,THY2552,TK2552,Turkish Airlines,LTFM,LTBS,2026-07-21T06:15:00+00:00,,,,,scheduled,,G1C,,,,no_opensky_match
2026-07-21,dep,THY6266,TK6266,Turkish Airlines,LTFM,VTBS,2026-07-21T06:10:00+00:00,,,,,scheduled,,,,,,no_opensky_match
2026-07-21,dep,TRA3413,HV3413,Transavia,LTFM,LFPO,2026-07-21T04:00:00+00:00,2026-07-21T04:15:00+00:00,,,15,landed,,A5A,,,,no_opensky_match
2026-07-21,dep,THY3460,TK3460,Turkish Airlines,LTFM,GLRB,2026-07-21T02:20:00+00:00,2026-07-21T03:02:00+00:00,,,42,landed,,,,,,no_opensky_match
2026-07-21,dep,THY6929,TK6929,Turkish Airlines,LTFM,LBSF,2026-07-21T00:30:00+00:00,2026-07-21T00:50:00+00:00,,,20,landed,,D3,,,,no_opensky_match
2026-07-21,dep,AXV9215,,AVA Airlines,LTFM,OIIE,2026-07-21T08:45:00+00:00,2026-07-21T09:57:00+00:00,,,72,scheduled,,,,,,no_opensky_match
2026-07-21,dep,MNS,BM,Medsky Airways,LTFM,HLLB,2026-07-21T12:00:00+00:00,,,,,scheduled,,,,,,no_opensky_match
2026-07-21,dep,THY2514,TK2514,Turkish Airlines,LTFM,LTFE,2026-07-21T15:05:00+00:00,2026-07-21T15:16:00+00:00,,,11,active,,G2B,,,,no_opensky_match
2026-07-21,dep,THY1939,TK1939,Turkish Airlines,LTFM,EBBR,2026-07-21T15:05:00+00:00,2026-07-21T15:53:00+00:00,,,48,active,,F14,,,,no_opensky_match
2026-07-21,dep,THY1763,TK1763,Turkish Airlines,LTFM,EFHK,2026-07-21T15:05:00+00:00,2026-07-21T15:30:00+00:00,,,25,active,,B12B,,,,no_opensky_match
2026-07-21,dep,THY1527,TK1527,Turkish Airlines,LTFM,EDDL,2026-07-21T15:05:00+00:00,2026-07-21T15:57:00+00:00,,,52,active,,B18,,,,no_opensky_match
2026-07-21,dep,THY35,TK35,Turkish Airlines,LTFM,CYUL,2026-07-21T15:05:00+00:00,2026-07-21T15:26:00+00:00,,,21,active,,D8,,,,no_opensky_match
2026-07-21,dep,THY2328,TK2328,Turkish Airlines,LTFM,LTBJ,2026-07-21T15:00:00+00:00,2026-07-21T15:06:00+00:00,,,6,active,,G2A,,,,no_opensky_match
2026-07-21,dep,THY2158,TK2158,Turkish Airlines,LTFM,LTAC,2026-07-21T15:00:00+00:00,2026-07-21T15:35:00+00:00,,,35,active,,G1F,,,,no_opensky_match
2026-07-21,dep,THY1795,TK1795,Turkish Airlines,LTFM,ESSA,2026-07-21T15:00:00+00:00,2026-07-21T15:37:00+00:00,,,37,active,,B7B,,,,no_opensky_match
2026-07-21,dep,THY1855,TK1855,Turkish Airlines,LTFM,LEBL,2026-07-21T15:00:00+00:00,2026-07-21T15:20:00+00:00,,,20,active,,B15,,,,no_opensky_match
2026-07-21,dep,THY1753,TK1753,Turkish Airlines,LTFM,ENGM,2026-07-21T15:00:00+00:00,2026-07-21T15:15:00+00:00,,,15,landed,,F3B,,,,no_opensky_match
2026-07-21,dep,THY1313,TK1313,Turkish Airlines,LTFM,LEVC,2026-07-21T15:00:00+00:00,2026-07-21T15:30:00+00:00,,,30,active,,F4B,,,,no_opensky_match
2026-07-21,dep,THY1147,TK1147,Turkish Airlines,LTFM,HLMS,2026-07-21T15:00:00+00:00,2026-07-21T15:24:00+00:00,,,24,landed,,B9B,,,,no_opensky_match
2026-07-21,dep,THY653,TK653,Turkish Airlines,LTFM,DAAG,2026-07-21T15:00:00+00:00,2026-07-21T15:28:00+00:00,,,28,active,,F5B,,,,no_opensky_match
2026-07-21,dep,THY203,TK203,Turkish Airlines,LTFM,KSEA,2026-07-21T15:00:00+00:00,2026-07-21T15:32:00+00:00,,,32,active,,A11,,,,no_opensky_match
2026-07-21,dep,THY75,TK75,Turkish Airlines,LTFM,CYVR,2026-07-21T15:00:00+00:00,2026-07-21T15:25:00+00:00,,,25,active,,D11,,,,no_opensky_match
2026-07-21,dep,THY1953,TK1953,Turkish Airlines,LTFM,EHAM,2026-07-21T14:55:00+00:00,2026-07-21T15:05:00+00:00,,,10,active,,A10,,,,no_opensky_match
2026-07-21,dep,THY205,TK205,Turkish Airlines,LTFM,KDTW,2026-07-21T14:55:00+00:00,2026-07-21T15:17:00+00:00,,,22,active,,D9,,,,no_opensky_match
2026-07-21,dep,CCA860,CA860,Air China,LTFM,ZBAA,2026-07-21T14:55:00+00:00,2026-07-21T15:09:00+00:00,,,14,active,,F19,,,,no_opensky_match
2026-07-21,dep,MNE405,4O405,Air Montenegro,LTFM,LYPG,2026-07-21T14:50:00+00:00,2026-07-21T14:18:00+00:00,,,-32,active,,F4A,,,,no_opensky_match
2026-07-21,dep,THY6236,TK6236,Turkish Airlines,LTFM,OEJN,2026-07-21T14:50:00+00:00,,,,,active,,,,,,no_opensky_match
2026-07-21,dep,THY1971,TK1971,Turkish Airlines,LTFM,EGLL,2026-07-21T14:50:00+00:00,2026-07-21T15:33:00+00:00,,,43,landed,,D14,,,,no_opensky_match
2026-07-21,dep,THY201,TK201,Turkish Airlines,LTFM,KDEN,2026-07-21T14:45:00+00:00,2026-07-21T15:36:00+00:00,,,51,active,,A1K,,,,no_opensky_match
2026-07-21,dep,THY191,TK191,Turkish Airlines,LTFM,KDFW,2026-07-21T14:45:00+00:00,2026-07-21T15:21:00+00:00,,,36,active,,A5,,,,no_opensky_match
2026-07-21,dep,THY31,TK31,Turkish Airlines,LTFM,KATL,2026-07-21T14:45:00+00:00,2026-07-21T15:10:00+00:00,,,25,active,,D12,,,,no_opensky_match
2026-07-21,dep,THY5,TK5,Turkish Airlines,LTFM,KORD,2026-07-21T14:45:00+00:00,2026-07-21T15:02:00+00:00,,,17,active,,A3,,,,no_opensky_match
2026-07-21,dep,TQN942,K3942,Taquan Air,LTFM,HDAM,2026-07-21T14:45:00+00:00,,,,,scheduled,,,,,,no_opensky_match
2026-07-21,dep,IRB9711,B99711,Iran Airtour,LTFM,OIIE,2026-07-21T14:40:00+00:00,2026-07-21T15:07:00+00:00,,,27,active,,B10,,,,no_opensky_match
2026-07-21,dep,MEA264,ME264,MEA,LTFM,OLBA,2026-07-21T14:35:00+00:00,2026-07-21T14:58:00+00:00,,,23,active,,F9B,,,,no_opensky_match
2026-07-21,dep,THY2024,TK2024,Turkish Airlines,LTFM,LTAU,2026-07-21T14:35:00+00:00,2026-07-21T14:55:00+00:00,,,20,active,,G4B,,,,no_opensky_match
2026-07-21,dep,THY1243,TK1243,Turkish Airlines,LTFM,EGSS,2026-07-21T14:35:00+00:00,2026-07-21T15:43:00+00:00,,,68,active,,A1A,,,,no_opensky_match
2026-07-21,dep,THY415,TK415,Turkish Airlines,LTFM,UUWW,2026-07-21T14:35:00+00:00,2026-07-21T14:56:00+00:00,,,21,active,,A1H,,,,no_opensky_match
2026-07-21,dep,BAW717,BA717,British Airways,LTFM,EGLL,2026-07-21T14:35:00+00:00,2026-07-21T14:57:00+00:00,,,22,landed,,B7A,,,,no_opensky_match
2026-07-21,dep,,,empty,LTFM,HLMS,2026-07-21T14:30:00+00:00,,,,,scheduled,,,,,,no_opensky_match
2026-07-21,dep,THY2750,TK2750,Turkish Airlines,LTFM,LTCI,2026-07-21T14:30:00+00:00,2026-07-21T14:49:00+00:00,,,19,active,,G7A,,,,no_opensky_match
2026-07-21,dep,THY2694,TK2694,Turkish Airlines,LTFM,LTCK,2026-07-21T14:30:00+00:00,2026-07-21T14:48:00+00:00,,,18,active,,G10B,,,,no_opensky_match
2026-07-21,dep,THY1997,TK1997,Turkish Airlines,LTFM,EGKK,2026-07-21T14:30:00+00:00,2026-07-21T14:45:00+00:00,,,15,landed,,F8B,,,,no_opensky_match
2026-07-21,dep,THY9,TK9,Turkish Airlines,LTFM,KLAX,2026-07-21T14:30:00+00:00,,,,,active,,D15,,,,no_opensky_match
2026-07-21,dep,BNL332,NB332,Berniq Airways,LTFM,HLMS,2026-07-21T14:30:00+00:00,2026-07-21T14:59:00+00:00,,,29,landed,,C4,,,,no_opensky_match
2026-07-21,dep,THY1079,TK1079,Turkish Airlines,LTFM,LYBE,2026-07-21T14:25:00+00:00,2026-07-21T15:00:00+00:00,,,35,active,,D3,,,,no_opensky_match
2026-07-21,dep,THY978,TK978,Turkish Airlines,LTFM,LCEN,2026-07-21T14:25:00+00:00,2026-07-21T14:35:00+00:00,,,10,active,,F3A,,,,no_opensky_match
2026-07-21,dep,THY1995,TK1995,Turkish Airlines,LTFM,EGCC,2026-07-21T14:20:00+00:00,2026-07-21T14:56:00+00:00,,,36,active,,F7A,,,,no_opensky_match
2026-07-21,dep,CSN8066,CZ8066,China Southern Airlines,LTFM,ZGGG,2026-07-21T14:20:00+00:00,2026-07-21T14:33:00+00:00,,,13,active,,F16,,,,no_opensky_match
2026-07-21,dep,THY6425,TK6425,Turkish Airlines,LTFM,EIDW,2026-07-21T14:15:00+00:00,,,,,,,,,,,no_opensky_match
2026-07-21,dep,THY2422,TK2422,Turkish Airlines,LTFM,LTAI,2026-07-21T14:15:00+00:00,2026-07-21T14:24:00+00:00,,,9,active,,G3J,,,,no_opensky_match
2026-07-21,dep,THY2034,TK2034,Turkish Airlines,LTFM,LTAN,2026-07-21T14:15:00+00:00,2026-07-21T14:25:00+00:00,,,10,landed,,G4A,,,,no_opensky_match
2026-07-21,dep,THY1897,TK1897,Turkish Airlines,LTFM,LOWW,2026-07-21T14:15:00+00:00,2026-07-21T15:01:00+00:00,,,46,active,,F8A,,,,no_opensky_match
2026-07-21,dep,THY320,TK320,Turkish Airlines,LTFM,UTAA,2026-07-21T17:15:00+00:00,2026-07-21T14:52:00+00:00,,,-143,active,,F9A,,,,no_opensky_match
2026-07-21,dep,THY33,TK33,Turkish Airlines,LTFM,KIAH,2026-07-21T14:15:00+00:00,2026-07-21T14:41:00+00:00,,,26,active,,D13,,,,no_opensky_match
2026-07-21,dep,THY2740,TK2740,Turkish Airlines,LTFM,LTCO,2026-07-21T14:10:00+00:00,2026-07-21T14:36:00+00:00,,,26,active,,G1H,,,,no_opensky_match
2026-07-21,dep,THY2614,TK2614,Turkish Airlines,LTFM,LTCC,2026-07-21T14:10:00+00:00,2026-07-21T14:20:00+00:00,,,10,active,,G9B,,,,no_opensky_match
2026-07-21,dep,THY1833,TK1833,Turkish Airlines,LTFM,LFPG,2026-07-21T14:10:00+00:00,2026-07-21T14:49:00+00:00,,,39,active,,A1E,,,,no_opensky_match
2026-07-21,dep,THY1,TK1,Turkish Airlines,LTFM,KJFK,2026-07-21T14:10:00+00:00,2026-07-21T14:36:00+00:00,,,26,active,,D10,,,,no_opensky_match
2026-07-21,dep,ABY322,G9322,Air Arabia,LTFM,OMSJ,2026-07-21T14:10:00+00:00,2026-07-21T14:45:00+00:00,,,35,active,,C3,,,,no_opensky_match
2026-07-21,dep,,,empty,LTFM,OIIE,2026-07-21T11:30:00+00:00,,,,,scheduled,,,,,,no_opensky_match
2026-07-21,dep,THY6403,TK6403,Turkish Airlines,LTFM,EDDF,2026-07-21T13:30:00+00:00,,,,,scheduled,,,,,,no_opensky_match
